Name,Class,Lr,Lr_ler,Lr_uer,Lx,Lx_ler,Lx_uer,uplim,Ref
A0620-00,BH,2.4157107e+26,3.2799626e+25,3.2799626e+25,7.4769759e+30,1.6988867e+30,2.3789769e+30,None,"Gallo et al. 2006, MNRAS, 370, 1351; Dincer et al. 2018, ApJ, 852, 4"
A0620-00,BH,1.4927177e+26,3.2130246e+25,3.2130246e+25,1.7992938e+31,3.8355481e+30,5.0149958e+30,None,"Gallo et al. 2006, MNRAS, 370, 1351; Dincer et al. 2018, ApJ, 852, 4"
XTE J1118+480,BH,1.011442e+29,0.0,0.0,2.062842e+35,0.0,0.0,None,"Fender et al. 2010, MNRAS, 406, 1425; Gallo et al. 2014, MNRAS, 445, 290"
XTE J1118+480,BH,9.855076e+28,0.0,0.0,2.097762e+35,0.0,0.0,None,"Fender et al. 2010, MNRAS, 406, 1425; Gallo et al. 2014, MNRAS, 445, 290"
XTE J1118+480,BH,7.676585e+28,0.0,0.0,1.761429e+35,0.0,0.0,None,"Fender et al. 2010, MNRAS, 406, 1425; Gallo et al. 2014, MNRAS, 445, 290"
XTE J1118+480,BH,6.863974e+28,0.0,0.0,1.049432e+35,0.0,0.0,None,"Fender et al. 2010, MNRAS, 406, 1425; Gallo et al. 2014, MNRAS, 445, 290"
XTE J1118+480,BH,4.737352e+28,0.0,0.0,7.009694e+34,0.0,0.0,None,"Fender et al. 2010, MNRAS, 406, 1425; Gallo et al. 2014, MNRAS, 445, 290"
XTE J1118+480,BH,4.114926e+28,0.0,0.0,4.528549e+34,0.0,0.0,None,"Fender et al. 2010, MNRAS, 406, 1425; Gallo et al. 2014, MNRAS, 445, 290"
XTE J1118+480,BH,3.215867e+28,0.0,0.0,2.326763e+34,0.0,0.0,None,"Fender et al. 2010, MNRAS, 406, 1425; Gallo et al. 2014, MNRAS, 445, 290"
XTE J1118+480,BH,6.915843e+27,0.0,0.0,6.983964e+33,0.0,0.0,None,"Fender et al. 2010, MNRAS, 406, 1425; Gallo et al. 2014, MNRAS, 445, 290"
XTE J1118+480,BH,8.3e+25,0.0,0.0,4.3e+30,0.0,0.0,None,"Fender et al. 2010, MNRAS, 406, 1425; Gallo et al. 2014, MNRAS, 445, 290"
XTE J1118+480,BH,2.56e+29,0.0,0.0,3.2e+35,0.0,0.0,None,"Fender et al. 2010, MNRAS, 406, 1425; Gallo et al. 2014, MNRAS, 445, 290"
XTE J1118+480,BH,2.69e+29,0.0,0.0,2.01e+35,0.0,0.0,None,"Fender et al. 2010, MNRAS, 406, 1425; Gallo et al. 2014, MNRAS, 445, 290"
XTE J1118+480,BH,2.53e+29,0.0,0.0,2.18e+35,0.0,0.0,None,"Fender et al. 2010, MNRAS, 406, 1425; Gallo et al. 2014, MNRAS, 445, 290"
XTE J1118+480,BH,2.48e+29,0.0,0.0,2.52e+35,0.0,0.0,None,"Fender et al. 2010, MNRAS, 406, 1425; Gallo et al. 2014, MNRAS, 445, 290"
XTE J1118+480,BH,1.38e+29,0.0,0.0,2.65e+35,0.0,0.0,None,"Fender et al. 2010, MNRAS, 406, 1425; Gallo et al. 2014, MNRAS, 445, 290"
XTE J1118+480,BH,1.62e+29,0.0,0.0,2.87e+35,0.0,0.0,None,"Fender et al. 2010, MNRAS, 406, 1425; Gallo et al. 2014, MNRAS, 445, 290"
XTE J1118+480,BH,2.75e+29,0.0,0.0,2.96e+35,0.0,0.0,None,"Fender et al. 2010, MNRAS, 406, 1425; Gallo et al. 2014, MNRAS, 445, 290"
XTE J1118+480,BH,2.64e+29,0.0,0.0,3.43e+35,0.0,0.0,None,"Fender et al. 2010, MNRAS, 406, 1425; Gallo et al. 2014, MNRAS, 445, 290"
XTE J1118+480,BH,2.38e+29,0.0,0.0,3.72e+35,0.0,0.0,None,"Fender et al. 2010, MNRAS, 406, 1425; Gallo et al. 2014, MNRAS, 445, 290"
XTE J1118+480,BH,2.38e+29,0.0,0.0,4.03e+35,0.0,0.0,None,"Fender et al. 2010, MNRAS, 406, 1425; Gallo et al. 2014, MNRAS, 445, 290"
XTE J1118+480,BH,1.62e+29,0.0,0.0,4.03e+35,0.0,0.0,None,"Fender et al. 2010, MNRAS, 406, 1425; Gallo et al. 2014, MNRAS, 445, 290"
XTE J1118+480,BH,2.56e+29,0.0,0.0,3.2e+35,0.0,0.0,None,"Fender et al. 2010, MNRAS, 406, 1425; Gallo et al. 2014, MNRAS, 445, 290"
GX 339-4,BH,2.427485e+30,0.0,0.0,6.289781e+36,0.0,0.0,None,"Corbel et al. 2013, MNRAS, 428, 2500"
GX 339-4,BH,2.324106e+30,0.0,0.0,6.232471e+36,0.0,0.0,None,"Corbel et al. 2013, MNRAS, 428, 2500"
GX 339-4,BH,1.818699e+30,0.0,0.0,6.332764e+36,0.0,0.0,None,"Corbel et al. 2013, MNRAS, 428, 2500"
GX 339-4,BH,1.118021e+30,0.0,0.0,2.937142e+36,0.0,0.0,None,"Corbel et al. 2013, MNRAS, 428, 2500"
GX 339-4,BH,4.78605e+29,0.0,0.0,1.031581e+36,0.0,0.0,None,"Corbel et al. 2013, MNRAS, 428, 2500"
GX 339-4,BH,5.360376e+28,0.0,0.0,5.630715e+34,0.0,0.0,None,"Corbel et al. 2013, MNRAS, 428, 2500"
GX 339-4,BH,2.592125e+30,0.0,0.0,3.275271e+37,0.0,0.0,None,"Corbel et al. 2013, MNRAS, 428, 2500"
GX 339-4,BH,3.212397e+30,0.0,0.0,4.388519e+37,0.0,0.0,None,"Corbel et al. 2013, MNRAS, 428, 2500"
GX 339-4,BH,5.05024e+30,0.0,0.0,7.716802e+37,0.0,0.0,None,"Corbel et al. 2013, MNRAS, 428, 2500"
GX 339-4,BH,2.297304e+29,0.0,0.0,2.664919e+35,0.0,0.0,None,"Corbel et al. 2013, MNRAS, 428, 2500"
GX 339-4,BH,4.862627e+29,0.0,0.0,1.073131e+36,0.0,0.0,None,"Corbel et al. 2013, MNRAS, 428, 2500"
GX 339-4,BH,6.777047e+29,0.0,0.0,3.381295e+36,0.0,0.0,None,"Corbel et al. 2013, MNRAS, 428, 2500"
GX 339-4,BH,1.818699e+30,0.0,0.0,1.299506e+37,0.0,0.0,None,"Corbel et al. 2013, MNRAS, 428, 2500"
GX 339-4,BH,1.883789e+30,0.0,0.0,1.368278e+37,0.0,0.0,None,"Corbel et al. 2013, MNRAS, 428, 2500"
GX 339-4,BH,1.971853e+30,0.0,0.0,1.42129e+37,0.0,0.0,None,"Corbel et al. 2013, MNRAS, 428, 2500"
GX 339-4,BH,1.97951e+30,0.0,0.0,1.441349e+37,0.0,0.0,None,"Corbel et al. 2013, MNRAS, 428, 2500"
GX 339-4,BH,1.665545e+30,0.0,0.0,5.37282e+36,0.0,0.0,None,"Corbel et al. 2013, MNRAS, 428, 2500"
GX 339-4,BH,1.680861e+30,0.0,0.0,3.968723e+36,0.0,0.0,None,"Corbel et al. 2013, MNRAS, 428, 2500"
GX 339-4,BH,1.175454e+30,0.0,0.0,2.650591e+36,0.0,0.0,None,"Corbel et al. 2013, MNRAS, 428, 2500"
GX 339-4,BH,1.102706e+30,0.0,0.0,2.364041e+36,0.0,0.0,None,"Corbel et al. 2013, MNRAS, 428, 2500"
GX 339-4,BH,9.686966e+29,0.0,0.0,2.249421e+36,0.0,0.0,None,"Corbel et al. 2013, MNRAS, 428, 2500"
GX 339-4,BH,6.623894e+29,0.0,0.0,1.67632e+36,0.0,0.0,None,"Corbel et al. 2013, MNRAS, 428, 2500"
GX 339-4,BH,7.159931e+29,0.0,0.0,1.79094e+36,0.0,0.0,None,"Corbel et al. 2013, MNRAS, 428, 2500"
GX 339-4,BH,5.436953e+29,0.0,0.0,1.375442e+36,0.0,0.0,None,"Corbel et al. 2013, MNRAS, 428, 2500"
GX 339-4,BH,4.135147e+29,0.0,0.0,1.045909e+36,0.0,0.0,None,"Corbel et al. 2013, MNRAS, 428, 2500"
GX 339-4,BH,1.416671e+29,0.0,0.0,3.152054e+35,0.0,0.0,None,"Corbel et al. 2013, MNRAS, 428, 2500"
GX 339-4,BH,7.466238e+30,0.0,0.0,7.857212e+37,0.0,0.0,None,"Corbel et al. 2013, MNRAS, 428, 2500"
GX 339-4,BH,8.38516e+30,0.0,0.0,8.138031e+37,0.0,0.0,None,"Corbel et al. 2013, MNRAS, 428, 2500"
GX 339-4,BH,1.661717e+30,0.0,0.0,3.008779e+36,0.0,0.0,None,"Corbel et al. 2013, MNRAS, 428, 2500"
GX 339-4,BH,1.006985e+30,0.0,0.0,2.192111e+36,0.0,0.0,None,"Corbel et al. 2013, MNRAS, 428, 2500"
GX 339-4,BH,6.777047e+29,0.0,0.0,1.833923e+36,0.0,0.0,None,"Corbel et al. 2013, MNRAS, 428, 2500"
GX 339-4,BH,6.47074e+29,0.0,0.0,1.805268e+36,0.0,0.0,None,"Corbel et al. 2013, MNRAS, 428, 2500"
GX 339-4,BH,6.509028e+29,0.0,0.0,1.90556e+36,0.0,0.0,None,"Corbel et al. 2013, MNRAS, 428, 2500"
GX 339-4,BH,6.509028e+29,0.0,0.0,2.593281e+36,0.0,0.0,None,"Corbel et al. 2013, MNRAS, 428, 2500"
GX 339-4,BH,9.036063e+29,0.0,0.0,3.58188e+36,0.0,0.0,None,"Corbel et al. 2013, MNRAS, 428, 2500"
GX 339-4,BH,1.263517e+30,0.0,0.0,5.2582e+36,0.0,0.0,None,"Corbel et al. 2013, MNRAS, 428, 2500"
GX 339-4,BH,2.105862e+29,0.0,0.0,3.58188e+35,0.0,0.0,None,"Corbel et al. 2013, MNRAS, 428, 2500"
GX 339-4,BH,2.259016e+29,0.0,0.0,3.58188e+35,0.0,0.0,None,"Corbel et al. 2013, MNRAS, 428, 2500"
GX 339-4,BH,2.680188e+29,0.0,0.0,3.940068e+35,0.0,0.0,None,"Corbel et al. 2013, MNRAS, 428, 2500"
GX 339-4,BH,2.948207e+29,0.0,0.0,1.022985e+36,0.0,0.0,None,"Corbel et al. 2013, MNRAS, 428, 2500"
GX 339-4,BH,4.135147e+29,0.0,0.0,1.253658e+36,0.0,0.0,None,"Corbel et al. 2013, MNRAS, 428, 2500"
GX 339-4,BH,4.632897e+29,0.0,0.0,1.67632e+36,0.0,0.0,None,"Corbel et al. 2013, MNRAS, 428, 2500"
GX 339-4,BH,4.211724e+29,0.0,0.0,1.229301e+36,0.0,0.0,None,"Corbel et al. 2013, MNRAS, 428, 2500"
GX 339-4,BH,2.6419e+29,0.0,0.0,6.504694e+35,0.0,0.0,None,"Corbel et al. 2013, MNRAS, 428, 2500"
GX 339-4,BH,3.292803e+29,0.0,0.0,2.378368e+35,0.0,0.0,None,"Corbel et al. 2013, MNRAS, 428, 2500"
GX 339-4,BH,8.500025e+29,0.0,0.0,2.879832e+36,0.0,0.0,None,"Corbel et al. 2013, MNRAS, 428, 2500"
GX 339-4,BH,1.945051e+30,0.0,0.0,8.625167e+36,0.0,0.0,None,"Corbel et al. 2013, MNRAS, 428, 2500"
GX 339-4,BH,2.362394e+30,0.0,0.0,1.186319e+37,0.0,0.0,None,"Corbel et al. 2013, MNRAS, 428, 2500"
GX 339-4,BH,2.764423e+30,0.0,0.0,2.014449e+37,0.0,0.0,None,"Corbel et al. 2013, MNRAS, 428, 2500"
GX 339-4,BH,3.453614e+30,0.0,0.0,2.351146e+37,0.0,0.0,None,"Corbel et al. 2013, MNRAS, 428, 2500"
GX 339-4,BH,3.154964e+30,0.0,0.0,2.362608e+37,0.0,0.0,None,"Corbel et al. 2013, MNRAS, 428, 2500"
GX 339-4,BH,3.897759e+30,0.0,0.0,2.866937e+37,0.0,0.0,None,"Corbel et al. 2013, MNRAS, 428, 2500"
GX 339-4,BH,4.154292e+30,0.0,0.0,3.13916e+37,0.0,0.0,None,"Corbel et al. 2013, MNRAS, 428, 2500"
GX 339-4,BH,5.268484e+30,0.0,0.0,4.03463e+37,0.0,0.0,None,"Corbel et al. 2013, MNRAS, 428, 2500"
GX 339-4,BH,5.957675e+30,0.0,0.0,4.740976e+37,0.0,0.0,None,"Corbel et al. 2013, MNRAS, 428, 2500"
GX 339-4,BH,7.458581e+30,0.0,0.0,5.447323e+37,0.0,0.0,None,"Corbel et al. 2013, MNRAS, 428, 2500"
GX 339-4,BH,8.68381e+30,0.0,0.0,5.812675e+37,0.0,0.0,None,"Corbel et al. 2013, MNRAS, 428, 2500"
GX 339-4,BH,8.404304e+30,0.0,0.0,6.173728e+37,0.0,0.0,None,"Corbel et al. 2013, MNRAS, 428, 2500"
GX 339-4,BH,7.213535e+30,0.0,0.0,6.355688e+37,0.0,0.0,None,"Corbel et al. 2013, MNRAS, 428, 2500"
GX 339-4,BH,8.270295e+30,0.0,0.0,6.334197e+37,0.0,0.0,None,"Corbel et al. 2013, MNRAS, 428, 2500"
GX 339-4,BH,8.090339e+30,0.0,0.0,6.483203e+37,0.0,0.0,None,"Corbel et al. 2013, MNRAS, 428, 2500"
GX 339-4,BH,8.15543e+30,0.0,0.0,7.011888e+37,0.0,0.0,None,"Corbel et al. 2013, MNRAS, 428, 2500"
GX 339-4,BH,1.703834e+30,0.0,0.0,4.627789e+36,0.0,0.0,None,"Corbel et al. 2013, MNRAS, 428, 2500"
GX 339-4,BH,1.558338e+30,0.0,0.0,3.710828e+36,0.0,0.0,None,"Corbel et al. 2013, MNRAS, 428, 2500"
GX 339-4,BH,1.474103e+30,0.0,0.0,2.908487e+36,0.0,0.0,None,"Corbel et al. 2013, MNRAS, 428, 2500"
GX 339-4,BH,1.267346e+30,0.0,0.0,2.02018e+36,0.0,0.0,None,"Corbel et al. 2013, MNRAS, 428, 2500"
GX 339-4,BH,9.725254e+29,0.0,0.0,1.384038e+36,0.0,0.0,None,"Corbel et al. 2013, MNRAS, 428, 2500"
GX 339-4,BH,6.70047e+29,0.0,0.0,1.088892e+36,0.0,0.0,None,"Corbel et al. 2013, MNRAS, 428, 2500"
GX 339-4,BH,5.054069e+29,0.0,0.0,8.739787e+35,0.0,0.0,None,"Corbel et al. 2013, MNRAS, 428, 2500"
GX 339-4,BH,4.250013e+29,0.0,0.0,7.16376e+35,0.0,0.0,None,"Corbel et al. 2013, MNRAS, 428, 2500"
GX 339-4,BH,4.326589e+29,0.0,0.0,6.590659e+35,0.0,0.0,None,"Corbel et al. 2013, MNRAS, 428, 2500"
GX 339-4,BH,2.412169e+29,0.0,0.0,3.438605e+35,0.0,0.0,None,"Corbel et al. 2013, MNRAS, 428, 2500"
GX 339-4,BH,2.373881e+29,0.0,0.0,2.292403e+35,0.0,0.0,None,"Corbel et al. 2013, MNRAS, 428, 2500"
GX 339-4,BH,1.148652e+29,0.0,0.0,4.441531e+34,0.0,0.0,None,"Corbel et al. 2013, MNRAS, 428, 2500"
GX 339-4,BH,1.148652e+29,0.0,0.0,7.736861e+34,0.0,0.0,None,"Corbel et al. 2013, MNRAS, 428, 2500"
H 1743-322,BH,1.74978e+30,0.0,0.0,2.464333e+37,0.0,0.0,None,"Coriat et al. 2011, MNRAS, 414, 677"
H 1743-322,BH,2.469602e+30,0.0,0.0,3.624863e+37,0.0,0.0,None,"Coriat et al. 2011, MNRAS, 414, 677"
H 1743-322,BH,6.5052e+30,0.0,0.0,6.791245e+37,0.0,0.0,None,"Coriat et al. 2011, MNRAS, 414, 677"
H 1743-322,BH,8.350701e+30,0.0,0.0,8.969028e+37,0.0,0.0,None,"Coriat et al. 2011, MNRAS, 414, 677"
H 1743-322,BH,7.439437e+30,0.0,0.0,7.808498e+37,0.0,0.0,None,"Coriat et al. 2011, MNRAS, 414, 677"
H 1743-322,BH,8.423448e+28,0.0,0.0,1.742226e+36,0.0,0.0,None,"Coriat et al. 2011, MNRAS, 414, 677"
H 1743-322,BH,1.18694e+29,0.0,0.0,3.940068e+35,0.0,0.0,None,"Coriat et al. 2011, MNRAS, 414, 677"
H 1743-322,BH,2.259016e+29,0.0,0.0,4.728082e+36,0.0,0.0,None,"Coriat et al. 2011, MNRAS, 414, 677"
H 1743-322,BH,1.68469e+29,0.0,0.0,9.814351e+36,0.0,0.0,None,"Coriat et al. 2011, MNRAS, 414, 677"
H 1743-322,BH,1.990997e+29,0.0,0.0,7.092122e+36,0.0,0.0,None,"Coriat et al. 2011, MNRAS, 414, 677"
H 1743-322,BH,1.837843e+29,0.0,0.0,5.229545e+36,0.0,0.0,None,"Coriat et al. 2011, MNRAS, 414, 677"
H 1743-322,BH,1.722978e+29,0.0,0.0,4.359005e+36,0.0,0.0,None,"Coriat et al. 2011, MNRAS, 414, 677"
H 1743-322,BH,2.144151e+29,0.0,0.0,3.667845e+36,0.0,0.0,None,"Coriat et al. 2011, MNRAS, 414, 677"
H 1743-322,BH,8.806333e+28,0.0,0.0,2.492988e+35,0.0,0.0,None,"Coriat et al. 2011, MNRAS, 414, 677"
H 1743-322,BH,8.040564e+28,0.0,0.0,1.690647e+35,0.0,0.0,None,"Coriat et al. 2011, MNRAS, 414, 677"
H 1743-322,BH,8.806333e+28,0.0,0.0,8.023411e+34,0.0,0.0,None,"Coriat et al. 2011, MNRAS, 414, 677"
H 1743-322,BH,1.18694e+29,0.0,0.0,4.298256e+34,0.0,0.0,None,"Coriat et al. 2011, MNRAS, 414, 677"
H 1743-322,BH,6.509028e+28,0.0,0.0,2.005853e+34,0.0,0.0,None,"Coriat et al. 2011, MNRAS, 414, 677"
H 1743-322,BH,4.977492e+28,0.0,0.0,2.005853e+34,0.0,0.0,None,"Coriat et al. 2011, MNRAS, 414, 677"
H 1743-322,BH,2.680188e+28,0.0,0.0,3.152054e+33,0.0,0.0,None,"Coriat et al. 2011, MNRAS, 414, 677"
H 1743-322,BH,6.662182e+29,0.0,0.0,1.50439e+37,0.0,0.0,None,"Coriat et al. 2011, MNRAS, 414, 677"
H 1743-322,BH,9.725254e+29,0.0,0.0,1.647665e+37,0.0,0.0,None,"Coriat et al. 2011, MNRAS, 414, 677"
H 1743-322,BH,9.304082e+29,0.0,0.0,1.704975e+37,0.0,0.0,None,"Coriat et al. 2011, MNRAS, 414, 677"
H 1743-322,BH,9.11264e+29,0.0,0.0,1.73363e+37,0.0,0.0,None,"Coriat et al. 2011, MNRAS, 414, 677"
H 1743-322,BH,3.59911e+29,0.0,0.0,9.642421e+36,0.0,0.0,None,"Coriat et al. 2011, MNRAS, 414, 677"
H 1743-322,BH,3.59911e+29,0.0,0.0,8.61084e+36,0.0,0.0,None,"Coriat et al. 2011, MNRAS, 414, 677"
H 1743-322,BH,8.576602e+29,0.0,0.0,1.96287e+37,0.0,0.0,None,"Coriat et al. 2011, MNRAS, 414, 677"
H 1743-322,BH,1.045273e+30,0.0,0.0,2.378368e+37,0.0,0.0,None,"Coriat et al. 2011, MNRAS, 414, 677"
H 1743-322,BH,2.266673e+29,0.0,0.0,7.564931e+36,0.0,0.0,None,"Coriat et al. 2011, MNRAS, 414, 677"
H 1743-322,BH,2.090547e+29,0.0,0.0,7.264053e+36,0.0,0.0,None,"Coriat et al. 2011, MNRAS, 414, 677"
H 1743-322,BH,1.569824e+29,0.0,0.0,6.891537e+36,0.0,0.0,None,"Coriat et al. 2011, MNRAS, 414, 677"
H 1743-322,BH,1.282661e+29,0.0,0.0,5.014632e+36,0.0,0.0,None,"Coriat et al. 2011, MNRAS, 414, 677"
H 1743-322,BH,2.247529e+29,0.0,0.0,4.040361e+36,0.0,0.0,None,"Coriat et al. 2011, MNRAS, 414, 677"
H 1743-322,BH,2.415998e+29,0.0,0.0,2.034508e+36,0.0,0.0,None,"Coriat et al. 2011, MNRAS, 414, 677"
H 1743-322,BH,7.313085e+28,0.0,0.0,1.088892e+35,0.0,0.0,None,"Coriat et al. 2011, MNRAS, 414, 677"
H 1743-322,BH,1.072075e+29,0.0,0.0,1.518717e+36,0.0,0.0,None,"Coriat et al. 2011, MNRAS, 414, 677"
V 404 Cyg,BH,6.185314e+27,0.0,0.0,2.622533e+32,0.0,0.0,None,"Corbel et al. 2008, MNRAS, 389, 1697; Rana et al. 2016, ApJ, 821, 103; Plotkin et al. 2017, ApJ, 834, 104"
V 404 Cyg,BH,3.714076e+28,0.0,0.0,1.049391e+34,0.0,0.0,None,"Corbel et al. 2008, MNRAS, 389, 1697; Rana et al. 2016, ApJ, 821, 103; Plotkin et al. 2017, ApJ, 834, 104"
V 404 Cyg,BH,1.543809e+29,0.0,0.0,8.96004e+34,0.0,0.0,None,"Corbel et al. 2008, MNRAS, 389, 1697; Rana et al. 2016, ApJ, 821, 103; Plotkin et al. 2017, ApJ, 834, 104"
V 404 Cyg,BH,2.025139e+29,0.0,0.0,1.362645e+35,0.0,0.0,None,"Corbel et al. 2008, MNRAS, 389, 1697; Rana et al. 2016, ApJ, 821, 103; Plotkin et al. 2017, ApJ, 834, 104"
V 404 Cyg,BH,2.481974e+29,0.0,0.0,1.680425e+35,0.0,0.0,None,"Corbel et al. 2008, MNRAS, 389, 1697; Rana et al. 2016, ApJ, 821, 103; Plotkin et al. 2017, ApJ, 834, 104"
V 404 Cyg,BH,3.348383e+29,0.0,0.0,5.72311e+35,0.0,0.0,None,"Corbel et al. 2008, MNRAS, 389, 1697; Rana et al. 2016, ApJ, 821, 103; Plotkin et al. 2017, ApJ, 834, 104"
V 404 Cyg,BH,3.3487e+29,0.0,0.0,6.203632e+35,0.0,0.0,None,"Corbel et al. 2008, MNRAS, 389, 1697; Rana et al. 2016, ApJ, 821, 103; Plotkin et al. 2017, ApJ, 834, 104"
V 404 Cyg,BH,3.583952e+29,0.0,0.0,7.172512e+35,0.0,0.0,None,"Corbel et al. 2008, MNRAS, 389, 1697; Rana et al. 2016, ApJ, 821, 103; Plotkin et al. 2017, ApJ, 834, 104"
V 404 Cyg,BH,3.349653e+29,0.0,0.0,7.901109e+35,0.0,0.0,None,"Corbel et al. 2008, MNRAS, 389, 1697; Rana et al. 2016, ApJ, 821, 103; Plotkin et al. 2017, ApJ, 834, 104"
V 404 Cyg,BH,4.049277e+29,0.0,0.0,8.29271e+35,0.0,0.0,None,"Corbel et al. 2008, MNRAS, 389, 1697; Rana et al. 2016, ApJ, 821, 103; Plotkin et al. 2017, ApJ, 834, 104"
V 404 Cyg,BH,4.765561e+29,0.0,0.0,1.108529e+36,0.0,0.0,None,"Corbel et al. 2008, MNRAS, 389, 1697; Rana et al. 2016, ApJ, 821, 103; Plotkin et al. 2017, ApJ, 834, 104"
V 404 Cyg,BH,6.60003e+29,0.0,0.0,1.8274e+36,0.0,0.0,None,"Corbel et al. 2008, MNRAS, 389, 1697; Rana et al. 2016, ApJ, 821, 103; Plotkin et al. 2017, ApJ, 834, 104"
V 404 Cyg,BH,5.243287e+29,0.0,0.0,2.045754e+36,0.0,0.0,None,"Corbel et al. 2008, MNRAS, 389, 1697; Rana et al. 2016, ApJ, 821, 103; Plotkin et al. 2017, ApJ, 834, 104"
V 404 Cyg,BH,6.088572e+29,0.0,0.0,3.061423e+36,0.0,0.0,None,"Corbel et al. 2008, MNRAS, 389, 1697; Rana et al. 2016, ApJ, 821, 103; Plotkin et al. 2017, ApJ, 834, 104"
V 404 Cyg,BH,1.019141e+30,0.0,0.0,4.435962e+36,0.0,0.0,None,"Corbel et al. 2008, MNRAS, 389, 1697; Rana et al. 2016, ApJ, 821, 103; Plotkin et al. 2017, ApJ, 834, 104"
V 404 Cyg,BH,1.019296e+30,0.0,0.0,5.046732e+36,0.0,0.0,None,"Corbel et al. 2008, MNRAS, 389, 1697; Rana et al. 2016, ApJ, 821, 103; Plotkin et al. 2017, ApJ, 834, 104"
V 404 Cyg,BH,1.033294e+30,0.0,0.0,5.470465e+36,0.0,0.0,None,"Corbel et al. 2008, MNRAS, 389, 1697; Rana et al. 2016, ApJ, 821, 103; Plotkin et al. 2017, ApJ, 834, 104"
V 404 Cyg,BH,1.572837e+30,0.0,0.0,6.746222e+36,0.0,0.0,None,"Corbel et al. 2008, MNRAS, 389, 1697; Rana et al. 2016, ApJ, 821, 103; Plotkin et al. 2017, ApJ, 834, 104"
V 404 Cyg,BH,2.177505e+30,0.0,0.0,8.186424e+36,0.0,0.0,None,"Corbel et al. 2008, MNRAS, 389, 1697; Rana et al. 2016, ApJ, 821, 103; Plotkin et al. 2017, ApJ, 834, 104"
V 404 Cyg,BH,9.52381e+27,0.0,0.0,3.7e+32,0.0,0.0,None,"Corbel et al. 2008, MNRAS, 389, 1697; Rana et al. 2016, ApJ, 821, 103; Plotkin et al. 2017, ApJ, 834, 104"
V 404 Cyg,BH,2.738095e+28,0.0,0.0,4.473415e+33,0.0,0.0,None,"Corbel et al. 2008, MNRAS, 389, 1697; Rana et al. 2016, ApJ, 821, 103; Plotkin et al. 2017, ApJ, 834, 104"
V 404 Cyg,BH,1.25e+28,0.0,0.0,1.832166e+33,0.0,0.0,None,"Corbel et al. 2008, MNRAS, 389, 1697; Rana et al. 2016, ApJ, 821, 103; Plotkin et al. 2017, ApJ, 834, 104"
V 404 Cyg,BH,1.964286e+28,0.0,0.0,2.451043e+33,0.0,0.0,None,"Corbel et al. 2008, MNRAS, 389, 1697; Rana et al. 2016, ApJ, 821, 103; Plotkin et al. 2017, ApJ, 834, 104"
V 404 Cyg,BH,2.440476e+28,0.0,0.0,2.349349e+33,0.0,0.0,None,"Corbel et al. 2008, MNRAS, 389, 1697; Rana et al. 2016, ApJ, 821, 103; Plotkin et al. 2017, ApJ, 834, 104"
V 404 Cyg,BH,2.738095e+28,0.0,0.0,4.732529e+33,0.0,0.0,None,"Corbel et al. 2008, MNRAS, 389, 1697; Rana et al. 2016, ApJ, 821, 103; Plotkin et al. 2017, ApJ, 834, 104"
V 404 Cyg,BH,3.095238e+28,0.0,0.0,8.197595e+33,0.0,0.0,None,"Corbel et al. 2008, MNRAS, 389, 1697; Rana et al. 2016, ApJ, 821, 103; Plotkin et al. 2017, ApJ, 834, 104"
Swift J1753.5-0127,BH,1.068246e+30,0.0,0.0,3.575585e+37,0.0,0.0,None,"Soleri et al. 2010 MNRAS 406 1471; Rushton et al. 2016 MNRAS, 463, 628, Plotkin et al. 2017, ApJ, 848, 92"
Swift J1753.5-0127,BH,8.576602e+29,0.0,0.0,3.405769e+37,0.0,0.0,None,"Soleri et al. 2010 MNRAS 406 1471; Rushton et al. 2016 MNRAS, 463, 628, Plotkin et al. 2017, ApJ, 848, 92"
Swift J1753.5-0127,BH,9.11264e+29,0.0,0.0,3.3869e+37,0.0,0.0,None,"Soleri et al. 2010 MNRAS 406 1471; Rushton et al. 2016 MNRAS, 463, 628, Plotkin et al. 2017, ApJ, 848, 92"
Swift J1753.5-0127,BH,5.74326e+29,0.0,0.0,2.688765e+37,0.0,0.0,None,"Soleri et al. 2010 MNRAS 406 1471; Rushton et al. 2016 MNRAS, 463, 628, Plotkin et al. 2017, ApJ, 848, 92"
Swift J1753.5-0127,BH,3.216226e+29,0.0,0.0,2.000064e+37,0.0,0.0,None,"Soleri et al. 2010 MNRAS 406 1471; Rushton et al. 2016 MNRAS, 463, 628, Plotkin et al. 2017, ApJ, 848, 92"
Swift J1753.5-0127,BH,2.833342e+29,0.0,0.0,1.575522e+37,0.0,0.0,None,"Soleri et al. 2010 MNRAS 406 1471; Rushton et al. 2016 MNRAS, 463, 628, Plotkin et al. 2017, ApJ, 848, 92"
Swift J1753.5-0127,BH,2.795053e+29,0.0,0.0,7.670055e+36,0.0,0.0,None,"Soleri et al. 2010 MNRAS 406 1471; Rushton et al. 2016 MNRAS, 463, 628, Plotkin et al. 2017, ApJ, 848, 92"
Swift J1753.5-0127,BH,1.263517e+29,0.0,0.0,5.273753e+36,0.0,0.0,None,"Soleri et al. 2010 MNRAS 406 1471; Rushton et al. 2016 MNRAS, 463, 628, Plotkin et al. 2017, ApJ, 848, 92"
Swift J1753.5-0127,BH,1.837843e+29,0.0,0.0,4.377498e+36,0.0,0.0,None,"Soleri et al. 2010 MNRAS 406 1471; Rushton et al. 2016 MNRAS, 463, 628, Plotkin et al. 2017, ApJ, 848, 92"
Swift J1753.5-0127,BH,1.493248e+29,0.0,0.0,6.33039e+36,0.0,0.0,None,"Soleri et al. 2010 MNRAS 406 1471; Rushton et al. 2016 MNRAS, 463, 628, Plotkin et al. 2017, ApJ, 848, 92"
Swift J1753.5-0127,BH,1.608113e+29,0.0,0.0,6.679458e+36,0.0,0.0,None,"Soleri et al. 2010 MNRAS 406 1471; Rushton et al. 2016 MNRAS, 463, 628, Plotkin et al. 2017, ApJ, 848, 92"
Swift J1753.5-0127,BH,1.74e+28,0.0,0.0,1.32e+34,0.0,0.0,None,"Soleri et al. 2010 MNRAS 406 1471; Rushton et al. 2016 MNRAS, 463, 628, Plotkin et al. 2017, ApJ, 848, 92"
Swift J1753.5-0127,BH,7.36e+27,0.0,0.0,1.63e+33,0.0,0.0,None,"Soleri et al. 2010 MNRAS 406 1471; Rushton et al. 2016 MNRAS, 463, 628, Plotkin et al. 2017, ApJ, 848, 92"
Swift J1753.5-0127,BH,1.11e+29,0.0,0.0,4.08e+35,0.0,0.0,None,"Soleri et al. 2010 MNRAS 406 1471; Rushton et al. 2016 MNRAS, 463, 628, Plotkin et al. 2017, ApJ, 848, 92"
Swift J1753.5-0127,BH,1.32e+29,0.0,0.0,4.62e+35,0.0,0.0,None,"Soleri et al. 2010 MNRAS 406 1471; Rushton et al. 2016 MNRAS, 463, 628, Plotkin et al. 2017, ApJ, 848, 92"
Swift J1753.5-0127,BH,6.64e+28,0.0,0.0,2.59e+35,0.0,0.0,None,"Soleri et al. 2010 MNRAS 406 1471; Rushton et al. 2016 MNRAS, 463, 628, Plotkin et al. 2017, ApJ, 848, 92"
Swift J1753.5-0127,BH,7.68e+28,0.0,0.0,2.89e+35,0.0,0.0,None,"Soleri et al. 2010 MNRAS 406 1471; Rushton et al. 2016 MNRAS, 463, 628, Plotkin et al. 2017, ApJ, 848, 92"
Swift J1753.5-0127,BH,7.74e+28,0.0,0.0,1.33e+35,0.0,0.0,None,"Soleri et al. 2010 MNRAS 406 1471; Rushton et al. 2016 MNRAS, 463, 628, Plotkin et al. 2017, ApJ, 848, 92"
Swift J1753.5-0127,BH,1.72607901036e+29,5.41231745088e+28,5.41231745088e+28,2.74684625836e+36,7.16974858128e+34,7.16974858128e+34,None,"Soleri et al. 2010 MNRAS 406 1471; Rushton et al. 2016 MNRAS, 463, 628, Plotkin et al. 2017, ApJ, 848, 92"
Swift J1753.5-0127,BH,1.92273881227e+29,9.48172758084e+28,9.48172758084e+28,2.26973361187e+36,1.47898563299e+35,1.47898563299e+35,None,"Soleri et al. 2010 MNRAS 406 1471; Rushton et al. 2016 MNRAS, 463, 628, Plotkin et al. 2017, ApJ, 848, 92"
Swift J1753.5-0127,BH,2.09072454204e+29,7.54693712325e+28,7.54693712325e+28,2.33381788319e+36,1.10950729568e+35,1.10950729568e+35,None,"Soleri et al. 2010 MNRAS 406 1471; Rushton et al. 2016 MNRAS, 463, 628, Plotkin et al. 2017, ApJ, 848, 92"
Swift J1753.5-0127,BH,1.66376985358e+29,6.70967008004e+28,6.70967008004e+28,2.33381788319e+36,1.10950729568e+35,1.10950729568e+35,None,"Soleri et al. 2010 MNRAS 406 1471; Rushton et al. 2016 MNRAS, 463, 628, Plotkin et al. 2017, ApJ, 848, 92"
Swift J1753.5-0127,BH,1.80414560584e+29,6.01702622374e+28,6.01702622374e+28,2.13071968521e+36,1.01415063524e+35,1.01415063524e+35,None,"Soleri et al. 2010 MNRAS 406 1471; Rushton et al. 2016 MNRAS, 463, 628, Plotkin et al. 2017, ApJ, 848, 92"
Swift J1753.5-0127,BH,1.57957734186e+29,5.47317169178e+28,5.47317169178e+28,2.13071968521e+36,1.01415063524e+35,1.01415063524e+35,None,"Soleri et al. 2010 MNRAS 406 1471; Rushton et al. 2016 MNRAS, 463, 628, Plotkin et al. 2017, ApJ, 848, 92"
Swift J1753.5-0127,BH,1.48440525374e+29,5.94418355095e+28,5.94418355095e+28,2.88228335286e+36,2.87142265049e+34,2.87142265049e+34,None,"Soleri et al. 2010 MNRAS 406 1471; Rushton et al. 2016 MNRAS, 463, 628, Plotkin et al. 2017, ApJ, 848, 92"
Swift J1753.5-0127,BH,1.51755203767e+29,5.87371898312e+28,5.87371898312e+28,3.67021275736e+36,1.64365777753e+34,1.64365777753e+34,None,"Soleri et al. 2010 MNRAS 406 1471; Rushton et al. 2016 MNRAS, 463, 628, Plotkin et al. 2017, ApJ, 848, 92"
Swift J1753.5-0127,BH,1.93155249903e+29,5.22272474985e+28,5.22272474985e+28,3.67021275736e+36,1.64365777753e+34,1.64365777753e+34,None,"Soleri et al. 2010 MNRAS 406 1471; Rushton et al. 2016 MNRAS, 463, 628, Plotkin et al. 2017, ApJ, 848, 92"
Swift J1753.5-0127,BH,2.55258265187e+29,1.03781184487e+29,1.03781184487e+29,3.67021275736e+36,1.64365777753e+34,1.64365777753e+34,None,"Soleri et al. 2010 MNRAS 406 1471; Rushton et al. 2016 MNRAS, 463, 628, Plotkin et al. 2017, ApJ, 848, 92"
Swift J1753.5-0127,BH,2.15897210306e+29,9.41216330405e+28,9.41216330405e+28,4.33868209496e+36,9.4491174284e+34,9.4491174284e+34,None,"Soleri et al. 2010 MNRAS 406 1471; Rushton et al. 2016 MNRAS, 463, 628, Plotkin et al. 2017, ApJ, 848, 92"
Swift J1753.5-0127,BH,1.95865826515e+29,7.43513083322e+28,7.43513083322e+28,4.33868209496e+36,9.4491174284e+34,9.4491174284e+34,None,"Soleri et al. 2010 MNRAS 406 1471; Rushton et al. 2016 MNRAS, 463, 628, Plotkin et al. 2017, ApJ, 848, 92"
Swift J1753.5-0127,BH,1.70293246078e+29,5.6230548376e+28,5.6230548376e+28,3.94957330618e+36,6.78525827172e+34,6.78525827172e+34,None,"Soleri et al. 2010 MNRAS 406 1471; Rushton et al. 2016 MNRAS, 463, 628, Plotkin et al. 2017, ApJ, 848, 92"
Swift J1753.5-0127,BH,3.30226339512e+29,7.29871441767e+28,7.29871441767e+28,4.99464400874e+36,5.85313734197e+34,5.85313734197e+34,None,"Soleri et al. 2010 MNRAS 406 1471; Rushton et al. 2016 MNRAS, 463, 628, Plotkin et al. 2017, ApJ, 848, 92"
Swift J1753.5-0127,BH,2.69354904096e+29,5.76167794627e+28,5.76167794627e+28,4.99464400874e+36,5.85313734197e+34,5.85313734197e+34,None,"Soleri et al. 2010 MNRAS 406 1471; Rushton et al. 2016 MNRAS, 463, 628, Plotkin et al. 2017, ApJ, 848, 92"
Swift J1753.5-0127,BH,3.14418802437e+29,6.77738740861e+28,6.77738740861e+28,4.34999468833e+36,4.67362523694e+34,4.67362523694e+34,None,"Soleri et al. 2010 MNRAS 406 1471; Rushton et al. 2016 MNRAS, 463, 628, Plotkin et al. 2017, ApJ, 848, 92"
Swift J1753.5-0127,BH,2.08826368987e+29,7.1964495981e+28,7.1964495981e+28,4.05619660497e+36,6.60909737292e+34,6.60909737292e+34,None,"Soleri et al. 2010 MNRAS 406 1471; Rushton et al. 2016 MNRAS, 463, 628, Plotkin et al. 2017, ApJ, 848, 92"
Swift J1753.5-0127,BH,3.00717437587e+29,8.98221649583e+28,8.98221649583e+28,5.15017110488e+36,8.11259234835e+34,8.11259234835e+34,None,"Soleri et al. 2010 MNRAS 406 1471; Rushton et al. 2016 MNRAS, 463, 628, Plotkin et al. 2017, ApJ, 848, 92"
Swift J1753.5-0127,BH,1.83294961898e+29,8.94240439274e+28,8.94240439274e+28,3.75031235212e+36,5.51536796643e+34,5.51536796643e+34,None,"Soleri et al. 2010 MNRAS 406 1471; Rushton et al. 2016 MNRAS, 463, 628, Plotkin et al. 2017, ApJ, 848, 92"
Swift J1753.5-0127,BH,3.38030909609e+29,1.01687262898e+29,1.01687262898e+29,3.32973203582e+36,1.06868392217e+35,1.06868392217e+35,None,"Soleri et al. 2010 MNRAS 406 1471; Rushton et al. 2016 MNRAS, 463, 628, Plotkin et al. 2017, ApJ, 848, 92"
Swift J1753.5-0127,BH,3.47711941774e+29,1.00266365443e+29,1.00266365443e+29,5.5360783608e+36,1.36134078927e+35,1.36134078927e+35,None,"Soleri et al. 2010 MNRAS 406 1471; Rushton et al. 2016 MNRAS, 463, 628, Plotkin et al. 2017, ApJ, 848, 92"
Swift J1753.5-0127,BH,2.1171562534e+30,3.42966122046e+29,3.42966122046e+29,4.87538308025e+37,5.75892955695e+35,5.75892955695e+35,None,"Soleri et al. 2010 MNRAS 406 1471; Rushton et al. 2016 MNRAS, 463, 628, Plotkin et al. 2017, ApJ, 848, 92"
Swift J1753.5-0127,BH,2.05779673227e+30,2.96797605616e+29,2.96797605616e+29,3.10462904383e+37,1.68961279461e+35,1.68961279461e+35,None,"Soleri et al. 2010 MNRAS 406 1471; Rushton et al. 2016 MNRAS, 463, 628, Plotkin et al. 2017, ApJ, 848, 92"
Swift J1753.5-0127,BH,8.64010807461e+29,2.57224591534e+29,2.57224591534e+29,2.73151260099e+37,4.72570758963e+34,4.72570758963e+34,None,"Soleri et al. 2010 MNRAS 406 1471; Rushton et al. 2016 MNRAS, 463, 628, Plotkin et al. 2017, ApJ, 848, 92"
Swift J1753.5-0127,BH,7.7826927695e+29,2.83606600922e+29,2.83606600922e+29,1.77964633223e+37,8.56295151573e+34,8.56295151573e+34,None,"Soleri et al. 2010 MNRAS 406 1471; Rushton et al. 2016 MNRAS, 463, 628, Plotkin et al. 2017, ApJ, 848, 92"
Swift J1753.5-0127,BH,6.92527746438e+29,2.11056075105e+29,2.11056075105e+29,9.77593419153e+36,3.7223563834e+34,3.7223563834e+34,None,"Soleri et al. 2010 MNRAS 406 1471; Rushton et al. 2016 MNRAS, 463, 628, Plotkin et al. 2017, ApJ, 848, 92"
Swift J1753.5-0127,BH,1.47739252573e+30,9.23370328584e+28,9.23370328584e+28,4.87538308025e+37,5.75892955695e+35,5.75892955695e+35,None,"Soleri et al. 2010 MNRAS 406 1471; Rushton et al. 2016 MNRAS, 463, 628, Plotkin et al. 2017, ApJ, 848, 92"
Swift J1753.5-0127,BH,1.56972955859e+30,8.57415305114e+28,8.57415305114e+28,3.10462904383e+37,1.68961279461e+35,1.68961279461e+35,None,"Soleri et al. 2010 MNRAS 406 1471; Rushton et al. 2016 MNRAS, 463, 628, Plotkin et al. 2017, ApJ, 848, 92"
Swift J1753.5-0127,BH,9.89325352054e+29,8.57415305114e+28,8.57415305114e+28,2.73151260099e+37,4.72570758963e+34,4.72570758963e+34,None,"Soleri et al. 2010 MNRAS 406 1471; Rushton et al. 2016 MNRAS, 463, 628, Plotkin et al. 2017, ApJ, 848, 92"
Swift J1753.5-0127,BH,5.54022197151e+29,7.91460281644e+28,7.91460281644e+28,1.77964633223e+37,8.56295151573e+34,8.56295151573e+34,None,"Soleri et al. 2010 MNRAS 406 1471; Rushton et al. 2016 MNRAS, 463, 628, Plotkin et al. 2017, ApJ, 848, 92"
Swift J1753.5-0127,BH,3.75943633781e+29,5.93595211233e+28,5.93595211233e+28,1.00312909031e+37,9.3058909585e+34,9.3058909585e+34,None,"Soleri et al. 2010 MNRAS 406 1471; Rushton et al. 2016 MNRAS, 463, 628, Plotkin et al. 2017, ApJ, 848, 92"
Swift J1753.5-0127,BH,3.42966122046e+29,4.61685164292e+28,4.61685164292e+28,9.77593419153e+36,3.7223563834e+34,3.7223563834e+34,None,"Soleri et al. 2010 MNRAS 406 1471; Rushton et al. 2016 MNRAS, 463, 628, Plotkin et al. 2017, ApJ, 848, 92"
Swift J1753.5-0127,BH,4.81471671333e+29,7.91460281644e+28,7.91460281644e+28,6.90197635593e+36,6.66960481207e+34,6.66960481207e+34,None,"Soleri et al. 2010 MNRAS 406 1471; Rushton et al. 2016 MNRAS, 463, 628, Plotkin et al. 2017, ApJ, 848, 92"
Swift J1753.5-0127,BH,2.70415596228e+29,4.61685164292e+28,4.61685164292e+28,5.90361892823e+36,6.79674702599e+34,6.79674702599e+34,None,"Soleri et al. 2010 MNRAS 406 1471; Rushton et al. 2016 MNRAS, 463, 628, Plotkin et al. 2017, ApJ, 848, 92"
Swift J1753.5-0127,BH,2.96797605616e+29,3.95730140822e+28,3.95730140822e+28,4.84538211327e+36,3.50483596923e+34,3.50483596923e+34,None,"Soleri et al. 2010 MNRAS 406 1471; Rushton et al. 2016 MNRAS, 463, 628, Plotkin et al. 2017, ApJ, 848, 92"
Swift J1753.5-0127,BH,2.17651577452e+29,3.95730140822e+28,3.95730140822e+28,4.62096078736e+36,5.74973855354e+34,5.74973855354e+34,None,"Soleri et al. 2010 MNRAS 406 1471; Rushton et al. 2016 MNRAS, 463, 628, Plotkin et al. 2017, ApJ, 848, 92"
Swift J1753.5-0127,BH,2.37438084493e+29,3.95730140822e+28,3.95730140822e+28,4.62096078736e+36,5.74973855354e+34,5.74973855354e+34,None,"Soleri et al. 2010 MNRAS 406 1471; Rushton et al. 2016 MNRAS, 463, 628, Plotkin et al. 2017, ApJ, 848, 92"
Swift J1753.5-0127,BH,1.45101051635e+29,2.63820093881e+28,2.63820093881e+28,3.69002702889e+36,5.15615291627e+34,5.15615291627e+34,None,"Soleri et al. 2010 MNRAS 406 1471; Rushton et al. 2016 MNRAS, 463, 628, Plotkin et al. 2017, ApJ, 848, 92"
Swift J1753.5-0127,BH,1.121235399e+29,3.95730140822e+28,3.95730140822e+28,4.75997471403e+36,2.92044133537e+34,2.92044133537e+34,None,"Soleri et al. 2010 MNRAS 406 1471; Rushton et al. 2016 MNRAS, 463, 628, Plotkin et al. 2017, ApJ, 848, 92"
Swift J1753.5-0127,BH,7.51887267561e+29,7.91460281644e+28,7.91460281644e+28,4.87538308025e+37,5.75892955695e+35,5.75892955695e+35,None,"Soleri et al. 2010 MNRAS 406 1471; Rushton et al. 2016 MNRAS, 463, 628, Plotkin et al. 2017, ApJ, 848, 92"
Swift J1753.5-0127,BH,1.59611156798e+30,3.29775117351e+28,3.29775117351e+28,3.10462904383e+37,1.68961279461e+35,1.68961279461e+35,None,"Soleri et al. 2010 MNRAS 406 1471; Rushton et al. 2016 MNRAS, 463, 628, Plotkin et al. 2017, ApJ, 848, 92"
Swift J1753.5-0127,BH,1.19378592481e+30,5.93595211233e+28,5.93595211233e+28,2.73151260099e+37,4.72570758963e+34,4.72570758963e+34,None,"Soleri et al. 2010 MNRAS 406 1471; Rushton et al. 2016 MNRAS, 463, 628, Plotkin et al. 2017, ApJ, 848, 92"
Swift J1753.5-0127,BH,3.0998861031e+29,6.59550234703e+28,6.59550234703e+28,1.77964633223e+37,8.56295151573e+34,8.56295151573e+34,None,"Soleri et al. 2010 MNRAS 406 1471; Rushton et al. 2016 MNRAS, 463, 628, Plotkin et al. 2017, ApJ, 848, 92"
Swift J1753.5-0127,BH,3.75943633781e+29,4.61685164292e+28,4.61685164292e+28,1.77964633223e+37,8.56295151573e+34,8.56295151573e+34,None,"Soleri et al. 2010 MNRAS 406 1471; Rushton et al. 2016 MNRAS, 463, 628, Plotkin et al. 2017, ApJ, 848, 92"
Swift J1753.5-0127,BH,4.08921145516e+29,4.61685164292e+28,4.61685164292e+28,1.00312909031e+37,9.3058909585e+34,9.3058909585e+34,None,"Soleri et al. 2010 MNRAS 406 1471; Rushton et al. 2016 MNRAS, 463, 628, Plotkin et al. 2017, ApJ, 848, 92"
Swift J1753.5-0127,BH,4.2211215021e+29,4.61685164292e+28,4.61685164292e+28,9.77593419153e+36,3.7223563834e+34,3.7223563834e+34,None,"Soleri et al. 2010 MNRAS 406 1471; Rushton et al. 2016 MNRAS, 463, 628, Plotkin et al. 2017, ApJ, 848, 92"
Swift J1753.5-0127,BH,2.4403358684e+29,4.61685164292e+28,4.61685164292e+28,6.90197635593e+36,6.66960481207e+34,6.66960481207e+34,None,"Soleri et al. 2010 MNRAS 406 1471; Rushton et al. 2016 MNRAS, 463, 628, Plotkin et al. 2017, ApJ, 848, 92"
Swift J1753.5-0127,BH,2.96797605616e+29,5.93595211233e+28,5.93595211233e+28,5.90361892823e+36,6.79674702599e+34,6.79674702599e+34,None,"Soleri et al. 2010 MNRAS 406 1471; Rushton et al. 2016 MNRAS, 463, 628, Plotkin et al. 2017, ApJ, 848, 92"
Swift J1753.5-0127,BH,1.84674065717e+29,3.29775117351e+28,3.29775117351e+28,7.11463319746e+36,6.61216104072e+34,6.61216104072e+34,None,"Soleri et al. 2010 MNRAS 406 1471; Rushton et al. 2016 MNRAS, 463, 628, Plotkin et al. 2017, ApJ, 848, 92"
Swift J1753.5-0127,BH,2.57224591534e+29,3.29775117351e+28,3.29775117351e+28,5.67434168885e+36,4.6491158945e+34,4.6491158945e+34,None,"Soleri et al. 2010 MNRAS 406 1471; Rushton et al. 2016 MNRAS, 463, 628, Plotkin et al. 2017, ApJ, 848, 92"
Swift J1753.5-0127,BH,2.77011098575e+29,3.29775117351e+28,3.29775117351e+28,6.53355498401e+36,7.44547868375e+34,7.44547868375e+34,None,"Soleri et al. 2010 MNRAS 406 1471; Rushton et al. 2016 MNRAS, 463, 628, Plotkin et al. 2017, ApJ, 848, 92"
MAXI J1659-152,BH,1.883789e+30,0.0,0.0,1.837843e+37,0.0,0.0,None,"Jonker et al. 2012, MNRAS, 423, 3308"
MAXI J1659-152,BH,3.82884e+30,0.0,0.0,3.675687e+37,0.0,0.0,None,"Jonker et al. 2012, MNRAS, 423, 3308"
MAXI J1659-152,BH,3.101361e+28,0.0,0.0,6.355875e+34,0.0,0.0,None,"Jonker et al. 2012, MNRAS, 423, 3308"
MAXI J1659-152,BH,3.752263e+28,0.0,0.0,1.072075e+35,0.0,0.0,None,"Jonker et al. 2012, MNRAS, 423, 3308"
MAXI J1659-152,BH,3.905417e+28,0.0,0.0,4.441455e+34,0.0,0.0,None,"Jonker et al. 2012, MNRAS, 423, 3308"
XTE J1752-223,BH,5.092357e+29,0.0,0.0,7.160401e+36,0.0,0.0,None,"Ratti et al. 2012, MNRAS, 423, 2656; Brocksopp et al. 2013, MNRAS, 432, 931"
XTE J1752-223,BH,1.646401e+29,0.0,0.0,1.228654e+36,0.0,0.0,None,"Ratti et al. 2012, MNRAS, 423, 2656; Brocksopp et al. 2013, MNRAS, 432, 931"
XTE J1752-223,BH,6.891912e+28,0.0,0.0,1.155943e+36,0.0,0.0,None,"Ratti et al. 2012, MNRAS, 423, 2656; Brocksopp et al. 2013, MNRAS, 432, 931"
XTE J1752-223,BH,9.572101e+28,0.0,0.0,1.769031e+36,0.0,0.0,None,"Ratti et al. 2012, MNRAS, 423, 2656; Brocksopp et al. 2013, MNRAS, 432, 931"
XTE J1752-223,BH,2.87163e+28,0.0,0.0,4.224589e+33,0.0,0.0,None,"Ratti et al. 2012, MNRAS, 423, 2656; Brocksopp et al. 2013, MNRAS, 432, 931"
XTE J1752-223,BH,1.66e+30,3.41e+28,3.41e+28,3.08e+37,1.08e+36,1.08e+36,None,"Ratti et al. 2012, MNRAS, 423, 2656; Brocksopp et al. 2013, MNRAS, 432, 931"
XTE J1752-223,BH,1.37e+30,5.25e+28,5.25e+28,3.03e+37,1.06e+36,1.06e+36,None,"Ratti et al. 2012, MNRAS, 423, 2656; Brocksopp et al. 2013, MNRAS, 432, 931"
XTE J1752-223,BH,1.41e+30,5.01e+28,5.01e+28,3.13e+37,1.09e+36,1.09e+36,None,"Ratti et al. 2012, MNRAS, 423, 2656; Brocksopp et al. 2013, MNRAS, 432, 931"
XTE J1752-223,BH,1.44e+30,6.94e+28,6.94e+28,3.05e+37,1.07e+36,1.07e+36,None,"Ratti et al. 2012, MNRAS, 423, 2656; Brocksopp et al. 2013, MNRAS, 432, 931"
XTE J1752-223,BH,1.49e+31,3.01e+28,3.01e+28,7.49e+37,2.62e+36,2.62e+36,None,"Ratti et al. 2012, MNRAS, 423, 2656; Brocksopp et al. 2013, MNRAS, 432, 931"
XTE J1752-223,BH,2.24e+30,2.86e+28,2.86e+28,9.29e+36,3.25e+35,3.25e+35,None,"Ratti et al. 2012, MNRAS, 423, 2656; Brocksopp et al. 2013, MNRAS, 432, 931"
XTE J1752-223,BH,1.86e+30,2.42e+28,2.42e+28,1.18e+37,4.12e+35,4.12e+35,None,"Ratti et al. 2012, MNRAS, 423, 2656; Brocksopp et al. 2013, MNRAS, 432, 931"
XTE J1752-223,BH,1.84e+30,4.12e+28,4.12e+28,1.14e+37,4e+35,4e+35,None,"Ratti et al. 2012, MNRAS, 423, 2656; Brocksopp et al. 2013, MNRAS, 432, 931"
XTE J1752-223,BH,1.31e+30,3.73e+28,3.73e+28,1.23e+37,4.3e+35,4.3e+35,None,"Ratti et al. 2012, MNRAS, 423, 2656; Brocksopp et al. 2013, MNRAS, 432, 931"
XTE J1752-223,BH,1.67e+30,2.63e+28,2.63e+28,1.1e+37,3.84e+35,3.84e+35,None,"Ratti et al. 2012, MNRAS, 423, 2656; Brocksopp et al. 2013, MNRAS, 432, 931"
XTE J1752-223,BH,1.38e+30,3.35e+28,3.35e+28,1.05e+37,3.67e+35,3.67e+35,None,"Ratti et al. 2012, MNRAS, 423, 2656; Brocksopp et al. 2013, MNRAS, 432, 931"
XTE J1752-223,BH,6.17e+29,3.53e+28,3.53e+28,7.31e+36,2.56e+35,2.56e+35,None,"Ratti et al. 2012, MNRAS, 423, 2656; Brocksopp et al. 2013, MNRAS, 432, 931"
XTE J1752-223,BH,6.19e+29,2.17e+28,2.17e+28,6.99e+36,2.45e+35,2.45e+35,None,"Ratti et al. 2012, MNRAS, 423, 2656; Brocksopp et al. 2013, MNRAS, 432, 931"
XTE J1752-223,BH,5.68e+29,3.8e+28,3.8e+28,6.71e+36,2.35e+35,2.35e+35,None,"Ratti et al. 2012, MNRAS, 423, 2656; Brocksopp et al. 2013, MNRAS, 432, 931"
XTE J1752-223,BH,7.35e+29,3.06e+28,3.06e+28,4.73e+36,1.65e+35,1.65e+35,None,"Ratti et al. 2012, MNRAS, 423, 2656; Brocksopp et al. 2013, MNRAS, 432, 931"
XTE J1752-223,BH,8.22e+29,2.25e+28,2.25e+28,4.51e+36,1.58e+35,1.58e+35,None,"Ratti et al. 2012, MNRAS, 423, 2656; Brocksopp et al. 2013, MNRAS, 432, 931"
XTE J1752-223,BH,7.76e+29,2.5e+28,2.5e+28,4.26e+36,1.49e+35,1.49e+35,None,"Ratti et al. 2012, MNRAS, 423, 2656; Brocksopp et al. 2013, MNRAS, 432, 931"
XTE J1752-223,BH,1.93e+29,2.44e+28,2.44e+28,1.29e+36,4.52e+34,4.52e+34,None,"Ratti et al. 2012, MNRAS, 423, 2656; Brocksopp et al. 2013, MNRAS, 432, 931"
XTE J1752-223,BH,1.3e+29,2.83e+28,2.83e+28,1.24e+36,4.35e+34,4.35e+34,None,"Ratti et al. 2012, MNRAS, 423, 2656; Brocksopp et al. 2013, MNRAS, 432, 931"
XTE J1752-223,BH,1.22e+29,2.28e+28,2.28e+28,1.73e+36,6.06e+34,6.06e+34,None,"Ratti et al. 2012, MNRAS, 423, 2656; Brocksopp et al. 2013, MNRAS, 432, 931"
XTE J1752-223,BH,1.06e+29,3.93e+28,3.93e+28,2.11e+36,7.39e+34,7.39e+34,None,"Ratti et al. 2012, MNRAS, 423, 2656; Brocksopp et al. 2013, MNRAS, 432, 931"
MWC 656,BH,1.41e+26,4.4e+25,4.4e+25,2.5e+30,1.7e+30,2.6e+30,None,"Ribo et al. 2017, ApJ, 835, 33"
MAXI J1836-194,BH,4.33e+30,1.275e+29,1.275e+29,7.591268486714607e+36,2.7137868020139175e+35,5.610937577136884e+33,None,"Russell et al. 2015, MNRAS, 450, 1745"
MAXI J1836-194,BH,3.16e+30,1.13e+29,1.13e+29,5.610937577136884e+36,4.089016600331781e+35,1.712619508838513e+34,None,"Russell et al. 2015, MNRAS, 450, 1745"
MAXI J1836-194,BH,1.92e+30,9.6e+28,9.6e+28,4.969163671255214e+36,3.9973346137772566e+35,1.1661948689735485e+34,None,"Russell et al. 2015, MNRAS, 450, 1745"
MAXI J1836-194,BH,1.445e+30,7.4e+28,7.4e+28,3.557261078315541e+36,2.658777610081203e+35,1.0946829194610193e+35,None,"Russell et al. 2015, MNRAS, 450, 1745"
MAXI J1836-194,BH,5.75e+29,4.98e+28,4.98e+28,2.3287224584849157e+36,2.658777610081203e+35,1.8336397310904848e+34,None,"Russell et al. 2015, MNRAS, 450, 1745"
MAXI J1836-194,BH,3.24e+29,6.2e+28,6.2e+28,1.8703125257122946e+36,2.750459596635727e+35,3.575597475626446e+34,None,"Russell et al. 2015, MNRAS, 450, 1745"
MAXI J1836-194,BH,1.255e+29,1.18e+28,1.18e+28,1.2872150912255204e+36,4.565762930415307e+35,1.0873483605366575e+35,None,"Russell et al. 2015, MNRAS, 450, 1745"
MAXI J1836-194,BH,7.15e+28,1.57e+28,1.57e+28,7.279549732429225e+35,7.279549732429225e+34,7.26121333511832e+34,None,"Russell et al. 2015, MNRAS, 450, 1745"
GRO J1655-40,BH,1.16e+29,0.0,0.0,2.69e+35,0.0,0.0,None,"Coriat et al. 2011, IAU Symp 275, 255; Calvelo, D. et al. 2010, MNRAS, 409, 839"
GRO J1655-40,BH,1.53e+29,0.0,0.0,2.69e+35,0.0,0.0,None,"Coriat et al. 2011, IAU Symp 275, 255; Calvelo, D. et al. 2010, MNRAS, 409, 839"
GRO J1655-40,BH,1.65e+29,0.0,0.0,5.5e+35,0.0,0.0,None,"Coriat et al. 2011, IAU Symp 275, 255; Calvelo, D. et al. 2010, MNRAS, 409, 839"
GRO J1655-40,BH,1.58e+29,0.0,0.0,9.32e+35,0.0,0.0,None,"Coriat et al. 2011, IAU Symp 275, 255; Calvelo, D. et al. 2010, MNRAS, 409, 839"
GRO J1655-40,BH,1.26e+29,0.0,0.0,1.48e+36,0.0,0.0,None,"Coriat et al. 2011, IAU Symp 275, 255; Calvelo, D. et al. 2010, MNRAS, 409, 839"
GRO J1655-40,BH,1.24e+29,0.0,0.0,1.3e+35,0.0,0.0,None,"Coriat et al. 2011, IAU Symp 275, 255; Calvelo, D. et al. 2010, MNRAS, 409, 839"
GRO J1655-40,BH,6.76e+28,0.0,0.0,7.55e+35,0.0,0.0,None,"Coriat et al. 2011, IAU Symp 275, 255; Calvelo, D. et al. 2010, MNRAS, 409, 839"
XTE J1550-564,BH,3.74e+29,2.59e+28,2.59e+28,5.82e+36,2.91e+36,2.91e+36,None,"Gallo et al. 2003, MNRAS, 344, 60"
XTE J1720-318,BH,1.06e+29,0.0,0.0,3.78e+36,0.0,0.0,None,"Brocksopp et al. 2005, MNRAS, 356, 125"
XTE J1720-318,BH,1.56e+29,0.0,0.0,5.13e+36,0.0,0.0,None,"Brocksopp et al. 2005, MNRAS, 356, 125"
IGR J17177-3656,BH,1.31e+29,0.0,0.0,1.01e+36,0.0,0.0,None,"Paizis et al. 2011, ApJ, 738, 183"
GRS 1758-258,BH,1.04e+29,1.04e+28,1.04e+28,6.4e+36,6.4e+35,6.4e+35,None,"Gallo et al. 2003, MNRAS, 344, 60"
IGR J17091-3624,BH,1.54e+30,0.0,0.0,1.14e+37,0.0,0.0,None,"Rodriguez et al. 2011, A&A, 533, L4"
IGR J17091-3624,BH,1.95e+30,0.0,0.0,1.65e+37,0.0,0.0,None,"Rodriguez et al. 2011, A&A, 533, L4"
GS 1354-64,BH,1.79e+31,1.79e+30,1.79e+30,1.02e+38,1.02e+37,1.02e+37,None,"Gallo et al. 2003, MNRAS, 344, 60"
GS 1354-64,BH,1.73e+31,1.73e+30,1.73e+30,7.63e+37,7.63e+36,7.63e+36,None,"Gallo et al. 2003, MNRAS, 344, 60"
GS 1354-64,BH,1.79e+31,1.79e+30,1.79e+30,1.32e+38,1.32e+37,1.32e+37,None,"Gallo et al. 2003, MNRAS, 344, 60"
4U 1543-47,BH,2.31e+30,2.31e+29,2.31e+29,9.83e+35,9.83e+34,9.83e+34,None,"Gallo et al. 2003, MNRAS, 344, 60"
XTE J1650-500,BH,7.35e+28,1.93e+28,1.93e+28,9.74e+36,9.74e+34,9.74e+34,None,"Corbel et al. 2004, ApJ, 617, 1272"
XTE J1650-500,BH,2.04e+29,3.87e+27,3.87e+27,1.03e+37,1.03e+35,1.03e+35,None,"Corbel et al. 2004, ApJ, 617, 1272"
XTE J1650-500,BH,4.68e+28,2.32e+27,2.32e+27,1.64e+36,8.21e+34,8.21e+34,None,"Corbel et al. 2004, ApJ, 617, 1272"
XTE J1650-500,BH,2.9e+28,3.87e+27,3.87e+27,1.06e+36,5.3e+34,5.3e+34,None,"Corbel et al. 2004, ApJ, 617, 1272"
MAXI J1348-630,BH,9.789888067696673107e+28,3.167316727784218242e+27,3.167316727784218242e+27,2.198273043382566817e+36,1.996331950158446774e+34,1.996331950158446774e+34,None,"Carotenuto F. et al., 2021b, MNRAS , 505, L58" 
MAXI J1348-630,BH,1.768797205796456303e+29,1.200153192947514828e+28,1.200153192947514828e+28,1.159718849658519721e+37,1.159718849658519515e+36,1.159718849658519515e+36,None,"Carotenuto F. et al., 2021b, MNRAS , 505, L58" 
MAXI J1348-630,BH,4.772555213650377968e+29,1.706972302692470999e+27,1.706972302692470999e+27,1.996331950158446562e+37,1.996331950158446562e+36,1.996331950158446562e+36,None,"Carotenuto F. et al., 2021b, MNRAS , 505, L58"                                            
MAXI J1348-630,BH,6.210407455434776402e+29,2.268641992852886058e+28,2.268641992852886058e+28,3.046425634923872363e+37,3.046425634923872009e+36,3.046425634923872009e+36,None,"Carotenuto F. et al., 2021b, MNRAS , 505, L58"                  
MAXI J1348-630,BH,9.963144460613197380e+29,4.180340333124419064e+27,4.180340333124419064e+27,3.404149857206599470e+37,3.404149857206599352e+36,3.404149857206599352e+36,None,"Carotenuto F. et al., 2021b, MNRAS , 505, L58" 
MAXI J1348-630,BH,9.228727149982037010e+29,3.755877328481061656e+28,3.755877328481061656e+28,3.606090950430719726e+37,1.546291799544692736e+35,1.546291799544692736e+35,None,"Carotenuto F. et al., 2021b, MNRAS , 505, L58" 
MAXI J1348-630,BH,3.837466217823078600e+30,2.558310811882052441e+28,2.558310811882052441e+28,7.616064087309679962e+37,7.616064087309680907e+36,7.616064087309680907e+36,None,"Carotenuto F. et al., 2021b, MNRAS , 505, L58" 
MAXI J1348-630,BH,1.647750814639874968e+29,1.532791455478953309e+27,1.532791455478953309e+27,6.519812438378741702e+36,6.519812438378741555e+35,6.519812438378741555e+35,None,"Carotenuto F. et al., 2021b, MNRAS , 505, L58" 
MAXI J1348-630,BH,2.482681719889751126e+29,4.004325354660889178e+27,4.004325354660889178e+27,5.106224785809899323e+36,5.106224785809900061e+35,5.106224785809900061e+35,None,"Carotenuto F. et al., 2021b, MNRAS , 505, L58"       
MAXI J1348-630,BH,1.194880611884729600e+29,1.254102099937325884e+27,1.254102099937325884e+27,1.834779075579150475e+36,1.834779075579150402e+35,1.834779075579150402e+35,None,"Carotenuto F. et al., 2021b, MNRAS , 505, L58" 
MAXI J1348-630,BH,7.377616180944941784e+28,1.502350931392424673e+27,1.502350931392424673e+27,1.511673326420557712e+36,1.511673326420557934e+35,1.511673326420557934e+35,None,"Carotenuto F. et al., 2021b, MNRAS , 505, L58" 
MAXI J1348-630,BH,2.182988759405422357e+28,4.241558470347323728e+26,4.241558470347323728e+26,5.256238169347817413e+35,1.471285107775733691e+34,1.471285107775733691e+34,None,"Carotenuto F. et al., 2021b, MNRAS , 505, L58" 
MAXI J1348-630,BH,1.125208272999322898e+28,1.393446777708139596e+27,1.393446777708139596e+27,2.405983882127376293e+35,2.405983882127376569e+34,2.405983882127376569e+34,None,"Carotenuto F. et al., 2021b, MNRAS , 505, L58" 
MAXI J1348-630,BH,1.993411104409880743e+28,6.466636869030642114e+26,6.466636869030642114e+26,1.125100376534384565e+35,1.125100376534384750e+34,1.125100376534384750e+34,None,"Carotenuto F. et al., 2021b, MNRAS , 505, L58" 
MAXI J1348-630,BH,9.336093410644536313e+27,1.463119116593546453e+27,1.463119116593546453e+27,3.017576907320426426e+34,3.017576907320426657e+33,3.017576907320426657e+33,None,"Carotenuto F. et al., 2021b, MNRAS , 505, L58" 
MAXI J1348-630,BH,4.633210535879564453e+27,1.393446777708139596e+27,1.393446777708139596e+27,2.711780394723901267e+33,2.711780394723901483e+32,2.711780394723901483e+32,None,"Carotenuto F. et al., 2021b, MNRAS , 505, L58" 
MAXI J1348-630,BH,4.413855323327201092e+27,3.173360036379033196e+26,3.173360036379033196e+26,8.885408101861294250e+33,8.885408101861293962e+32,8.885408101861293962e+32,None,"Carotenuto F. et al., 2021b, MNRAS , 505, L58" 
MAXI J1348-630,BH,2.765991853750657081e+28,1.985661658234098973e+27,1.985661658234098973e+27,5.025448348520251575e+35,5.025448348520251391e+34,5.025448348520251391e+34,None,"Carotenuto F. et al., 2021b, MNRAS , 505, L58" 
MAXI J1348-630,BH,1.511889753813331252e+29,2.125006336004912685e+27,2.125006336004912685e+27,3.958045427192757953e+36,3.958045427192758100e+35,3.958045427192758100e+35,None,"Carotenuto F. et al., 2021b, MNRAS , 505, L58" 
MAXI J1348-630,BH,1.183291518333820586e+29,6.075579922985386466e+26,6.075579922985386466e+26,4.263841939789283721e+36,4.263841939789283721e+35,4.263841939789283721e+35,None,"Carotenuto F. et al., 2021b, MNRAS , 505, L58" 
MAXI J1348-630,BH,2.180744207113238478e+29,3.170091419286017176e+27,3.170091419286017176e+27,5.729357302044328266e+36,8.596920825826837414e+34,8.596920825826837414e+34,None,"Carotenuto F. et al., 2021b, MNRAS , 505, L58" 
MAXI J1348-630,BH,1.602463794364360396e+29,1.811480811020581283e+27,1.811480811020581283e+27,4.442704050930646802e+36,4.442704050930646802e+35,4.442704050930646802e+35,None,"Carotenuto F. et al., 2021b, MNRAS , 505, L58" 
MAXI J1348-630,BH,1.200143868078538123e+29,1.205886183236808674e+27,1.205886183236808674e+27,4.177295756978945794e+36,4.177295756978945794e+35,4.177295756978945794e+35,None,"Carotenuto F. et al., 2021b, MNRAS , 505, L58" 
MAXI J1348-630,BH,1.344676140488354709e+29,1.567627624921657286e+27,1.567627624921657286e+27,3.479156548975558692e+36,3.479156548975558840e+35,3.479156548975558840e+35,None,"Carotenuto F. et al., 2021b, MNRAS , 505, L58" 
MAXI J1348-630,BH,7.977482802379099815e+28,1.149593591609215188e+27,1.149593591609215188e+27,2.596385484310118330e+36,2.596385484310118256e+35,2.596385484310118256e+35,None,"Carotenuto F. et al., 2021b, MNRAS , 505, L58" 
MAXI J1348-630,BH,5.782804127488779064e+28,1.184429761051918753e+27,1.184429761051918753e+27,1.944404240472244396e+36,1.944404240472244248e+35,1.944404240472244248e+35,None,"Carotenuto F. et al., 2021b, MNRAS , 505, L58" 
MAXI J1348-630,BH,3.866814808140087497e+28,1.045085083281104766e+27,1.045085083281104766e+27,1.384738924965396502e+36,1.384738924965396502e+35,1.384738924965396502e+35,None,"Carotenuto F. et al., 2021b, MNRAS , 505, L58" 
MAXI J1348-630,BH,3.439548820115400311e+28,2.890377159760840583e+26,2.890377159760840583e+26,1.113560885493006347e+36,2.544457774623916238e+34,2.544457774623916238e+34,None,"Carotenuto F. et al., 2021b, MNRAS , 505, L58" 
MAXI J1348-630,BH,2.435048244044973772e+28,8.709042360675873508e+26,8.709042360675873508e+26,6.750602259206308130e+35,6.750602259206308499e+34,6.750602259206308499e+34,None,"Carotenuto F. et al., 2021b, MNRAS , 505, L58" 
MAXI J1348-630,BH,1.532791455478953693e+28,1.463119116593546453e+27,1.463119116593546453e+27,5.637041373713300787e+34,2.994497925237670046e+33,2.994497925237670046e+33,None,"Carotenuto F. et al., 2021b, MNRAS , 505, L58" 
MAXI J1348-630,BH,4.842227552535784472e+27,1.358610608265436168e+27,1.358610608265436168e+27,4.113828556251365124e+33,4.113828556251365556e+32,4.113828556251365556e+32,None,"Carotenuto F. et al., 2021b, MNRAS , 505, L58" 
MAXI J1348-630,BH,1.651234431584145184e+28,9.057404055102906414e+26,9.057404055102906414e+26,3.888808480944488220e+34,3.888808480944488451e+33,3.888808480944488451e+33,None,"Carotenuto F. et al., 2021b, MNRAS , 505, L58" 
MAXI J1348-630,BH,1.572371038477464668e+28,3.683031261298565567e+26,3.683031261298565567e+26,1.182797831741276163e+34,1.182797831741276048e+33,1.182797831741276048e+33,None,"Carotenuto F. et al., 2021b, MNRAS , 505, L58" 
MAXI J1348-630,BH,5.713131788603372098e+27,1.010248913838401338e+27,1.010248913838401338e+27,3.404149857206599610e+33,3.404149857206599466e+32,3.404149857206599466e+32,None,"Carotenuto F. et al., 2021b, MNRAS , 505, L58" 
MAXI J1348-630,BH,3.971590886092912217e+27,2.912499983134802393e+26,2.912499983134802393e+26,9.346987743516426190e+32,9.346987743516424749e+31,9.346987743516424749e+31,None,"Carotenuto F. et al., 2021b, MNRAS , 505, L58" 
MAXI J1348-630,BH,1.608954471590648009e+27,1.692073890787212373e+26,1.692073890787212373e+26,1.142409613096452014e+32,6.981392080033873518e+31,6.981392080033873518e+31,None,"Carotenuto F. et al., 2021b, MNRAS , 505, L58" 
MAXI J1348-630,BH,7.489776430181249953e+27,6.967233888540697982e+26,6.967233888540697982e+26,1.211646559344721755e+34,1.211646559344721812e+33,1.211646559344721812e+33,None,"Carotenuto F. et al., 2021b, MNRAS , 505, L58" 
MAXI J1348-630,BH,6.061493483030406928e+27,8.012318971821802198e+26,8.012318971821802198e+26,4.656184635196145493e+33,1.269344014551613341e+33,1.269344014551613341e+33,None,"Carotenuto F. et al., 2021b, MNRAS , 505, L58" 
MAXI J1348-630,BH,2.917456724424549797e+27,3.202086648758652233e+26,3.202086648758652233e+26,1.846318566620528555e+32,5.538955699861585304e+31,5.538955699861585304e+31,None,"Carotenuto F. et al., 2021b, MNRAS , 505, L58" 
MAXI J1348-630,BH,1.362094225209706539e+28,1.428282947150843024e+27,1.428282947150843024e+27,6.462114983171850280e+34,8.193038639378595907e+33,8.193038639378595907e+33,None,"Carotenuto F. et al., 2021b, MNRAS , 505, L58" 
MAXI J1348-630,BH,5.225425416405523555e+27,5.225425416405523830e+26,5.225425416405523830e+26,5.700508574440883025e+33,1.586680018189517036e+33,1.586680018189517036e+33,None,"Carotenuto F. et al., 2021b, MNRAS , 505, L58" 
MAXI J1348-630,BH,4.32730914052e+26,8.65461828103e+25,8.65461828103e+25,7.40258350304e+30,2.5121471997080568e+30,3.2200949750966154e+30,None,"Carotenuto F. et al., 2022b, arXiv:2208.00100"
MAXI J1348-630,BH,3.415961231406722736e+27,0.0,0.0,4.817737509775441917e+32,2.486760319417024378e+32,2.486760319417024378e+32,Lr,"Carotenuto F. et al., 2021b, MNRAS , 505, L58"
